[
  {
    "area": "Adakkaputhur",
    "town": "Ottapalam",
    "district": "Palakkad",
    "pincode": "679503"
  },
  {
    "area": "Agali",
    "town": "Mannarkkad",
    "district": "Palakkad",
    "pincode": "678581"
  },
  {
    "area": "Akalur",
    "town": "Ottapalam",
    "district": "Palakkad",
    "pincode": "679302"
  },
  {
    "area": "Alanallur",
    "town": "Mannarkkad",
    "district": "Palakkad",
    "pincode": "678601"
  },
  {
    "area": "Alangad",
    "town": "Ottapalam",
    "district": "Palakkad",
    "pincode": "678633"
  },
  {
    "area": "Amayur",
    "town": "Ottapalam",
    "district": "Palakkad",
    "pincode": "679303"
  },
  {
    "area": "Ambalapara",
    "town": "Ottapalam",
    "district": "Palakkad",
    "pincode": "679512"
  },
  {
    "area": "Ambalavattom",
    "town": "Ottapalam",
    "district": "Palakkad",
    "pincode": "679501"
  },
  {
    "area": "Anakkara",
    "town": "Ottapalam",
    "district": "Palakkad",
    "pincode": "679551"
  },
  {
    "area": "Angadi",
    "town": "Ottapalam",
    "district": "Palakkad",
    "pincode": "679552"
  },
  {
    "area": "Ariyur",
    "town": "Mannarkkad",
    "district": "Palakkad",
    "pincode": "678583"
  },
  {
    "area": "Attasseri",
    "town": "NA",
    "district": "Palakkad",
    "pincode": "679513"
  },
  {
    "area": "Azhiyannur",
    "town": "Ottapalam",
    "district": "Palakkad",
    "pincode": "678633"
  },
  {
    "area": "Bhimanad",
    "town": "Mannarkkad",
    "district": "Palakkad",
    "pincode": "678601"
  },
  {
    "area": "Chalavara",
    "town": "Ottapalam",
    "district": "Palakkad",
    "pincode": "679505"
  },
  {
    "area": "Chalisseri",
    "town": "Ottapalam",
    "district": "Palakkad",
    "pincode": "679536"
  },
  {
    "area": "Chaliyattiri",
    "town": "Ottapalam",
    "district": "Palakkad",
    "pincode": "679535"
  },
  {
    "area": "Changileri",
    "town": "Mannarkkad",
    "district": "Palakkad",
    "pincode": "678762"
  },
  {
    "area": "Chathanur",
    "town": "Ottapalam",
    "district": "Palakkad",
    "pincode": "679535"
  },
  {
    "area": "Chavadiyur",
    "town": "Mannarkkad",
    "district": "Palakkad",
    "pincode": "678581"
  },
  {
    "area": "Chembra",
    "town": "Ottapalam",
    "district": "Palakkad",
    "pincode": "679304"
  },
  {
    "area": "Cherambattakavu",
    "town": "NA",
    "district": "Palakkad",
    "pincode": "679501"
  },
  {
    "area": "Cherottur",
    "town": "Ottapalam",
    "district": "Palakkad",
    "pincode": "679521"
  },
  {
    "area": "Cherpalcheri",
    "town": "Ottapalam",
    "district": "Palakkad",
    "pincode": "679503"
  },
  {
    "area": "Cherukattupulam",
    "town": "Ottapalam",
    "district": "Palakkad",
    "pincode": "679522"
  },
  {
    "area": "Cherukode",
    "town": "Ottapalam",
    "district": "Palakkad",
    "pincode": "679336"
  },
  {
    "area": "Cherukutangad",
    "town": "Ottapalam",
    "district": "Palakkad",
    "pincode": "679305"
  },
  {
    "area": "Cherumundasseri",
    "town": "Ottapalam",
    "district": "Palakkad",
    "pincode": "679512"
  },
  {
    "area": "Chethallur",
    "town": "Mannarkkad",
    "district": "Palakkad",
    "pincode": "678583"
  },
  {
    "area": "Chindaki",
    "town": "Mannarkkad",
    "district": "Palakkad",
    "pincode": "678582"
  },
  {
    "area": "Chittur agali",
    "town": "Mannarkkad",
    "district": "Palakkad",
    "pincode": "678581"
  },
  {
    "area": "Choorakode",
    "town": "Ottapalam",
    "district": "Palakkad",
    "pincode": "679336"
  },
  {
    "area": "Chunangad",
    "town": "Ottapalam",
    "district": "Palakkad",
    "pincode": "679511"
  },
  {
    "area": "Chundampatta",
    "town": "Ottapalam",
    "district": "Palakkad",
    "pincode": "679337"
  },
  {
    "area": "EdakodePavukonam",
    "town": "Ottapalam",
    "district": "Palakkad",
    "pincode": "679522"
  },
  {
    "area": "Edathanttukara",
    "town": "Mannarkkad",
    "district": "Palakkad",
    "pincode": "678601"
  },
  {
    "area": "Elambulasseri",
    "town": "Ottapalam",
    "district": "Palakkad",
    "pincode": "678595"
  },
  {
    "area": "Eravakkad",
    "town": "Ottapalam",
    "district": "Palakkad",
    "pincode": "679552"
  },
  {
    "area": "Etapalam",
    "town": "Ottapalam",
    "district": "Palakkad",
    "pincode": "679308"
  },
  {
    "area": "Ezhuvanthala",
    "town": "Ottapalam",
    "district": "Palakkad",
    "pincode": "679335"
  },
  {
    "area": "Gandhi Seva Sadan",
    "town": "Ottapalam",
    "district": "Palakkad",
    "pincode": "679302"
  },
  {
    "area": "Ganeshgiri",
    "town": "Ottapalam",
    "district": "Palakkad",
    "pincode": "679123"
  },
  {
    "area": "Irimbakachola",
    "town": "Mannarkkad",
    "district": "Palakkad",
    "pincode": "678591"
  },
  {
    "area": "Irimbalasseri",
    "town": "Ottapalam",
    "district": "Palakkad",
    "pincode": "679335"
  },
  {
    "area": "Jellipara",
    "town": "Mannarkkad",
    "district": "Palakkad",
    "pincode": "678581"
  },
  {
    "area": "K A Samajam",
    "town": "Ottapalam",
    "district": "Palakkad",
    "pincode": "679123"
  },
  {
    "area": "Kacheriparamba",
    "town": "Mannarkkad",
    "district": "Palakkad",
    "pincode": "678601"
  },
  {
    "area": "Kadambur Palakkad",
    "town": "Ottapalam",
    "district": "Palakkad",
    "pincode": "679515"
  },
  {
    "area": "Kaipuram",
    "town": "Ottapalam",
    "district": "Palakkad",
    "pincode": "679308"
  },
  {
    "area": "Kaithachira",
    "town": "NA",
    "district": "Palakkad",
    "pincode": "678582"
  },
  {
    "area": "Kalkandi",
    "town": "Mannarkkad",
    "district": "Palakkad",
    "pincode": "678582"
  },
  {
    "area": "Kalladathur",
    "town": "Ottapalam",
    "district": "Palakkad",
    "pincode": "679552"
  },
  {
    "area": "Kalladikode",
    "town": "Mannarkkad",
    "district": "Palakkad",
    "pincode": "678596"
  },
  {
    "area": "Kalladipatta",
    "town": "Ottapalam",
    "district": "Palakkad",
    "pincode": "679313"
  },
  {
    "area": "Kallamala",
    "town": "Mannarkkad",
    "district": "Palakkad",
    "pincode": "678582"
  },
  {
    "area": "Kallipadam",
    "town": "Ottapalam",
    "district": "Palakkad",
    "pincode": "679122"
  },
  {
    "area": "Kalluvazhi",
    "town": "Ottapalam",
    "district": "Palakkad",
    "pincode": "679514"
  },
  {
    "area": "Kanayam",
    "town": "Ottapalam",
    "district": "Palakkad",
    "pincode": "679122"
  },
  {
    "area": "Kandamangalam",
    "town": "Mannarkkad",
    "district": "Palakkad",
    "pincode": "678583"
  },
  {
    "area": "Kanhikulam",
    "town": "Palakkad",
    "district": "Palakkad",
    "pincode": "678596"
  },
  {
    "area": "Kanhirapuzha Dam",
    "town": "Mannarkkad",
    "district": "Palakkad",
    "pincode": "678591"
  },
  {
    "area": "Kanhirapuzha",
    "town": "Mannarkkad",
    "district": "Palakkad",
    "pincode": "678591"
  },
  {
    "area": "Kanniampuram",
    "town": "Ottapalam",
    "district": "Palakkad",
    "pincode": "679104"
  },
  {
    "area": "Kappur",
    "town": "Ottapalam",
    "district": "Palakkad",
    "pincode": "679552"
  },
  {
    "area": "Karakurissi",
    "town": "Mannarkkad",
    "district": "Palakkad",
    "pincode": "678595"
  },
  {
    "area": "Karalmanna",
    "town": "Ottapalam",
    "district": "Palakkad",
    "pincode": "679506"
  },
  {
    "area": "Karambathur",
    "town": "Ottapalam",
    "district": "Palakkad",
    "pincode": "679305"
  },
  {
    "area": "Karara",
    "town": "Mannarkkad",
    "district": "Palakkad",
    "pincode": "678581"
  },
  {
    "area": "Karattukurissi",
    "town": "Ottapalam",
    "district": "Palakkad",
    "pincode": "679503"
  },
  {
    "area": "Karimba",
    "town": "Mannarkkad",
    "district": "Palakkad",
    "pincode": "678597"
  },
  {
    "area": "Karimpuzha",
    "town": "Ottapalam",
    "district": "Palakkad",
    "pincode": "679513"
  },
  {
    "area": "Karkitamkunnu",
    "town": "Mannarkkad",
    "district": "Palakkad",
    "pincode": "678601"
  },
  {
    "area": "Karumanamkurissi",
    "town": "Ottapalam",
    "district": "Palakkad",
    "pincode": "679504"
  },
  {
    "area": "Katambazhipuram",
    "town": "Ottapalam",
    "district": "Palakkad",
    "pincode": "678633"
  },
  {
    "area": "Kattukulam",
    "town": "Ottapalam",
    "district": "Palakkad",
    "pincode": "679514"
  },
  {
    "area": "Kattukulam South",
    "town": "Ottapalam",
    "district": "Palakkad",
    "pincode": "679514"
  },
  {
    "area": "Kavalappara",
    "town": "Ottapalam",
    "district": "Palakkad",
    "pincode": "679523"
  },
  {
    "area": "Kavundikkal",
    "town": "Mannarkkad",
    "district": "Palakkad",
    "pincode": "678581"
  },
  {
    "area": "Kayiliad",
    "town": "Ottapalam",
    "district": "Palakkad",
    "pincode": "679122"
  },
  {
    "area": "Kilmuri",
    "town": "Ottapalam",
    "district": "Palakkad",
    "pincode": "679307"
  },
  {
    "area": "Kizhayur",
    "town": "Ottapalam",
    "district": "Palakkad",
    "pincode": "679303"
  },
  {
    "area": "Kizhur",
    "town": "Ottapalam",
    "district": "Palakkad",
    "pincode": "679501"
  },
  {
    "area": "Kodakkad",
    "town": "Mannarkkad",
    "district": "Palakkad",
    "pincode": "678583"
  },
  {
    "area": "Kodumunda",
    "town": "Ottapalam",
    "district": "Palakkad",
    "pincode": "679303"
  },
  {
    "area": "Kolikkottusseri",
    "town": "Ottapalam",
    "district": "Palakkad",
    "pincode": "679303"
  },
  {
    "area": "Kondurkara",
    "town": "Ottapalam",
    "district": "Palakkad",
    "pincode": "679313"
  },
  {
    "area": "Konikazhi",
    "town": "Ottapalam",
    "district": "Palakkad",
    "pincode": "678632"
  },
  {
    "area": "Koonathara",
    "town": "Ottapalam",
    "district": "Palakkad",
    "pincode": "679523"
  },
  {
    "area": "Koottanad",
    "town": "Ottapalam",
    "district": "Palakkad",
    "pincode": "679533"
  },
  {
    "area": "Kothachira",
    "town": "Ottapalam",
    "district": "Palakkad",
    "pincode": "679535"
  },
  {
    "area": "KottapadamTTL",
    "town": "Mannarkkad",
    "district": "Palakkad",
    "pincode": "679534"
  },
  {
    "area": "Kottappuram",
    "town": "Ottapalam",
    "district": "Palakkad",
    "pincode": "679513"
  },
  {
    "area": "Kottathara",
    "town": "Mannarkkad",
    "district": "Palakkad",
    "pincode": "678581"
  },
  {
    "area": "Kottopadam",
    "town": "Ottapalam",
    "district": "Palakkad",
    "pincode": "678583"
  },
  {
    "area": "Kudallur",
    "town": "Ottapalam",
    "district": "Palakkad",
    "pincode": "679554"
  },
  {
    "area": "Kulakkad",
    "town": "Ottapalam",
    "district": "Palakkad",
    "pincode": "679503"
  },
  {
    "area": "Kulakkattukurissi",
    "town": "Ottapalam",
    "district": "Palakkad",
    "pincode": "678633"
  },
  {
    "area": "Kulappulli",
    "town": "Ottapalam",
    "district": "Palakkad",
    "pincode": "679122"
  },
  {
    "area": "Kulukkallur",
    "town": "Ottapalam",
    "district": "Palakkad",
    "pincode": "679337"
  },
  {
    "area": "Kumaramputhur",
    "town": "Mannarkkad",
    "district": "Palakkad",
    "pincode": "678583"
  },
  {
    "area": "Kumaranellur",
    "town": "Ottapalam",
    "district": "Palakkad",
    "pincode": "679552"
  },
  {
    "area": "Kumbidi",
    "town": "Ottapalam",
    "district": "Palakkad",
    "pincode": "679553"
  },
  {
    "area": "Kundurkunnu",
    "town": "Mannarkkad",
    "district": "Palakkad",
    "pincode": "678583"
  },
  {
    "area": "Kunduvampadam",
    "town": "Palakkad",
    "district": "Palakkad",
    "pincode": "678633"
  },
  {
    "area": "Kuruvattur",
    "town": "Ottapalam",
    "district": "Palakkad",
    "pincode": "679336"
  },
  {
    "area": "Kuttanasseri",
    "town": "Ottapalam",
    "district": "Palakkad",
    "pincode": "679514"
  },
  {
    "area": "Lakkidi",
    "town": "Ottapalam",
    "district": "Palakkad",
    "pincode": "679301"
  },
  {
    "area": "Mala",
    "town": "Ottapalam",
    "district": "Palakkad",
    "pincode": "679534"
  },
  {
    "area": "Malamalkkavu",
    "town": "Ottapalam",
    "district": "Palakkad",
    "pincode": "679554"
  },
  {
    "area": "MangalamOPM",
    "town": "Ottapalam",
    "district": "Palakkad",
    "pincode": "679301"
  },
  {
    "area": "Mangode",
    "town": "Ottapalam",
    "district": "Palakkad",
    "pincode": "679503"
  },
  {
    "area": "Manisseri",
    "town": "Ottapalam",
    "district": "Palakkad",
    "pincode": "679521"
  },
  {
    "area": "Mannampatta",
    "town": "Ottapalam",
    "district": "Palakkad",
    "pincode": "678633"
  },
  {
    "area": "Mannanur",
    "town": "Ottapalam",
    "district": "Palakkad",
    "pincode": "679523"
  },
  {
    "area": "Mannarkkad College",
    "town": "Mannarkkad",
    "district": "Palakkad",
    "pincode": "678583"
  },
  {
    "area": "Mannarkkad",
    "town": "Mannarkkad",
    "district": "Palakkad",
    "pincode": "678582"
  },
  {
    "area": "Mannengode",
    "town": "Ottapalam",
    "district": "Palakkad",
    "pincode": "679307"
  },
  {
    "area": "Marayamangalam",
    "town": "Ottapalam",
    "district": "Palakkad",
    "pincode": "679335"
  },
  {
    "area": "Marayamangalam South",
    "town": "Ottapalam",
    "district": "Palakkad",
    "pincode": "679335"
  },
  {
    "area": "Maruthur",
    "town": "Ottapalam",
    "district": "Palakkad",
    "pincode": "679306"
  },
  {
    "area": "Mattathukad",
    "town": "Mannarkkad",
    "district": "Palakkad",
    "pincode": "678581"
  },
  {
    "area": "Melepattambi",
    "town": "Ottapalam",
    "district": "Palakkad",
    "pincode": "679306"
  },
  {
    "area": "Melmuri",
    "town": "Ottapalam",
    "district": "Palakkad",
    "pincode": "679307"
  },
  {
    "area": "Melur",
    "town": "Ottapalam",
    "district": "Palakkad",
    "pincode": "679501"
  },
  {
    "area": "Met Ind Nagar",
    "town": "Ottapalam",
    "district": "Palakkad",
    "pincode": "679122"
  },
  {
    "area": "Mezhathur",
    "town": "Ottapalam",
    "district": "Palakkad",
    "pincode": "679534"
  },
  {
    "area": "Moonnekkar",
    "town": "Ottapalam",
    "district": "Palakkad",
    "pincode": "678597"
  },
  {
    "area": "Mudukurissi",
    "town": "Mannarkkad",
    "district": "Palakkad",
    "pincode": "678593"
  },
  {
    "area": "Muduthala",
    "town": "Ottapalam",
    "district": "Palakkad",
    "pincode": "679303"
  },
  {
    "area": "Mukkali",
    "town": "Mannarkkad",
    "district": "Palakkad",
    "pincode": "678582"
  },
  {
    "area": "Mulanhur",
    "town": "Ottapalam",
    "district": "Palakkad",
    "pincode": "679511"
  },
  {
    "area": "Mulayankavu",
    "town": "Ottapalam",
    "district": "Palakkad",
    "pincode": "679337"
  },
  {
    "area": "Mundakkottukurissi",
    "town": "Ottapalam",
    "district": "Palakkad",
    "pincode": "679122"
  },
  {
    "area": "Munnurkode",
    "town": "Ottapalam",
    "district": "Palakkad",
    "pincode": "679502"
  },
  {
    "area": "Naduvattom",
    "town": "Ottapalam",
    "district": "Palakkad",
    "pincode": "679308"
  },
  {
    "area": "Nagalassery",
    "town": "Ottapalam",
    "district": "Palakkad",
    "pincode": "679533"
  },
  {
    "area": "Nattukal",
    "town": "Mannarkkad",
    "district": "Palakkad",
    "pincode": "678583"
  },
  {
    "area": "Nedungottur",
    "town": "Ottapalam",
    "district": "Palakkad",
    "pincode": "679308"
  },
  {
    "area": "Nellaya",
    "town": "Ottapalam",
    "district": "Palakkad",
    "pincode": "679335"
  },
  {
    "area": "Nellikattiri",
    "town": "Ottapalam",
    "district": "Palakkad",
    "pincode": "679533"
  },
  {
    "area": "Nhangattiri",
    "town": "Ottapalam",
    "district": "Palakkad",
    "pincode": "679303"
  },
  {
    "area": "Othalur Ttl",
    "town": "Ottapalam",
    "district": "Palakkad",
    "pincode": "679534"
  },
  {
    "area": "Ottapalam",
    "town": "Ottapalam",
    "district": "Palakkad",
    "pincode": "679101"
  },
  {
    "area": "Palakayam",
    "town": "Mannarkkad",
    "district": "Palakkad",
    "pincode": "678591"
  },
  {
    "area": "Palappuram",
    "town": "Ottapalam",
    "district": "Palakkad",
    "pincode": "679103"
  },
  {
    "area": "Pallikunnu",
    "town": "Mannarkkad",
    "district": "Palakkad",
    "pincode": "678583"
  },
  {
    "area": "Pallikurup",
    "town": "Mannarkkad",
    "district": "Palakkad",
    "pincode": "678582"
  },
  {
    "area": "Pallipuram Palakkad",
    "town": "Ottapalam",
    "district": "Palakkad",
    "pincode": "679305"
  },
  {
    "area": "Palode",
    "town": "Mannarkkad",
    "district": "Palakkad",
    "pincode": "678583"
  },
  {
    "area": "Paloor",
    "town": "Mannarkkad",
    "district": "Palakkad",
    "pincode": "678582"
  },
  {
    "area": "Panamanna",
    "town": "Ottapalam",
    "district": "Palakkad",
    "pincode": "679501"
  },
  {
    "area": "Panamanna South",
    "town": "Ottapalam",
    "district": "Palakkad",
    "pincode": "679501"
  },
  {
    "area": "Panayur",
    "town": "Ottapalam",
    "district": "Palakkad",
    "pincode": "679522"
  },
  {
    "area": "Panniyamkurissi",
    "town": "Ottapalam",
    "district": "Palakkad",
    "pincode": "679503"
  },
  {
    "area": "Parudur",
    "town": "Ottapalam",
    "district": "Palakkad",
    "pincode": "679305"
  },
  {
    "area": "Paruthipra",
    "town": "Ottapalam",
    "district": "Palakkad",
    "pincode": "679121"
  },
  {
    "area": "Pathankulam",
    "town": "Ottapalam",
    "district": "Palakkad",
    "pincode": "679522"
  },
  {
    "area": "Pattambi",
    "town": "Ottapalam",
    "district": "Palakkad",
    "pincode": "679303"
  },
  {
    "area": "Pattithara",
    "town": "Ottapalam",
    "district": "Palakkad",
    "pincode": "679534"
  },
  {
    "area": "Payyanadam",
    "town": "Mannarkkad",
    "district": "Palakkad",
    "pincode": "678583"
  },
  {
    "area": "Perimbadari",
    "town": "Mannarkkad",
    "district": "Palakkad",
    "pincode": "678762"
  },
  {
    "area": "Peringannur",
    "town": "Ottapalam",
    "district": "Palakkad",
    "pincode": "679535"
  },
  {
    "area": "Peringode",
    "town": "Ottapalam",
    "district": "Palakkad",
    "pincode": "679535"
  },
  {
    "area": "Perumannur",
    "town": "Ottapalam",
    "district": "Palakkad",
    "pincode": "679536"
  },
  {
    "area": "Perumudiyur",
    "town": "Ottapalam",
    "district": "Palakkad",
    "pincode": "679303"
  },
  {
    "area": "Perur OPM",
    "town": "Ottapalam",
    "district": "Palakkad",
    "pincode": "679302"
  },
  {
    "area": "Pombilaya",
    "town": "Ottapalam",
    "district": "Palakkad",
    "pincode": "679335"
  },
  {
    "area": "Pombra",
    "town": "Ottapalam",
    "district": "Palakkad",
    "pincode": "678595"
  },
  {
    "area": "Poonchola",
    "town": "Mannarkkad",
    "district": "Palakkad",
    "pincode": "678598"
  },
  {
    "area": "Pottasseri",
    "town": "Mannarkkad",
    "district": "Palakkad",
    "pincode": "678598"
  },
  {
    "area": "Pudur",
    "town": "Mannarkkad",
    "district": "Palakkad",
    "pincode": "678581"
  },
  {
    "area": "Pulappatta",
    "town": "Ottapalam",
    "district": "Palakkad",
    "pincode": "678632"
  },
  {
    "area": "Pulasseri",
    "town": "Ottapalam",
    "district": "Palakkad",
    "pincode": "679307"
  },
  {
    "area": "Puliyanamkunnu",
    "town": "Ottapalam",
    "district": "Palakkad",
    "pincode": "679505"
  },
  {
    "area": "Pullisseri",
    "town": "Mannarkkad",
    "district": "Palakkad",
    "pincode": "678582"
  },
  {
    "area": "Punchapadam",
    "town": "Ottapalam",
    "district": "Palakkad",
    "pincode": "678633"
  },
  {
    "area": "S G Press",
    "town": "Ottapalam",
    "district": "Palakkad",
    "pincode": "679122"
  },
  {
    "area": "Sankaramangalam",
    "town": "NA",
    "district": "Palakkad",
    "pincode": "679303"
  },
  {
    "area": "Sholayur PKD",
    "town": "NA",
    "district": "Palakkad",
    "pincode": "678581"
  },
  {
    "area": "Shornur",
    "town": "Ottapalam",
    "district": "Palakkad",
    "pincode": "679121"
  },
  {
    "area": "Sreeramakrishnanagar",
    "town": "Ottapalam",
    "district": "Palakkad",
    "pincode": "679103"
  },
  {
    "area": "Srikrishnapuram",
    "town": "Ottapalam",
    "district": "Palakkad",
    "pincode": "679513"
  },
  {
    "area": "Tachampara",
    "town": "Mannarkkad",
    "district": "Palakkad",
    "pincode": "678593"
  },
  {
    "area": "Taruvakonam",
    "town": "NA",
    "district": "Palakkad",
    "pincode": "679501"
  },
  {
    "area": "Tenkara",
    "town": "Mannarkkad",
    "district": "Palakkad",
    "pincode": "678582"
  },
  {
    "area": "Thalakkasseri",
    "town": "Ottapalam",
    "district": "Palakkad",
    "pincode": "679534"
  },
  {
    "area": "Thanneercode",
    "town": "Ottapalam",
    "district": "Palakkad",
    "pincode": "679536"
  },
  {
    "area": "Thathanampully",
    "town": "NA",
    "district": "Palakkad",
    "pincode": "679337"
  },
  {
    "area": "Thavalam",
    "town": "Mannarkkad",
    "district": "Palakkad",
    "pincode": "678582"
  },
  {
    "area": "Thekke Vavanoor",
    "town": "NA",
    "district": "Palakkad",
    "pincode": "679533"
  },
  {
    "area": "Thekkumuri CPL",
    "town": "NA",
    "district": "Palakkad",
    "pincode": "679506"
  },
  {
    "area": "Thirumittakode",
    "town": "Ottapalam",
    "district": "Palakkad",
    "pincode": "679533"
  },
  {
    "area": "Thirunayanapuram",
    "town": "NA",
    "district": "Palakkad",
    "pincode": "679514"
  },
  {
    "area": "Thiruvazhiyode",
    "town": "Ottapalam",
    "district": "Palakkad",
    "pincode": "679514"
  },
  {
    "area": "Thiruvegapura",
    "town": "Ottapalam",
    "district": "Palakkad",
    "pincode": "679304"
  },
  {
    "area": "Thottakkara",
    "town": "Ottapalam",
    "district": "Palakkad",
    "pincode": "679102"
  },
  {
    "area": "Thrikallur",
    "town": "Mannarkkad",
    "district": "Palakkad",
    "pincode": "678593"
  },
  {
    "area": "Tiruvalamkunnu",
    "town": "NA",
    "district": "Palakkad",
    "pincode": "678601"
  },
  {
    "area": "Trikkatiri",
    "town": "Ottapalam",
    "district": "Palakkad",
    "pincode": "679502"
  },
  {
    "area": "Trithala",
    "town": "Ottapalam",
    "district": "Palakkad",
    "pincode": "679534"
  },
  {
    "area": "Ummanazhi",
    "town": "NA",
    "district": "Palakkad",
    "pincode": "678632"
  },
  {
    "area": "Uppukulam",
    "town": "Mannarkkad",
    "district": "Palakkad",
    "pincode": "678601"
  },
  {
    "area": "Vadanamkurussi",
    "town": "Ottapalam",
    "district": "Palakkad",
    "pincode": "679121"
  },
  {
    "area": "Vakkadapuram",
    "town": "NA",
    "district": "Palakkad",
    "pincode": "678595"
  },
  {
    "area": "Valambillimangalam",
    "town": "Ottapalam",
    "district": "Palakkad",
    "pincode": "679513"
  },
  {
    "area": "Vallapuzha",
    "town": "Ottapalam",
    "district": "Palakkad",
    "pincode": "679336"
  },
  {
    "area": "Vaniamkulam",
    "town": "Ottapalam",
    "district": "Palakkad",
    "pincode": "679522"
  },
  {
    "area": "Varode",
    "town": "Ottapalam",
    "district": "Palakkad",
    "pincode": "679102"
  },
  {
    "area": "Vattamannapuram",
    "town": "NA",
    "district": "Palakkad",
    "pincode": "678601"
  },
  {
    "area": "Vazhumbram",
    "town": "NA",
    "district": "Palakkad",
    "pincode": "678595"
  },
  {
    "area": "Veeramangalam",
    "town": "Ottapalam",
    "district": "Palakkad",
    "pincode": "679503"
  },
  {
    "area": "Veetampara",
    "town": "Ottapalam",
    "district": "Palakkad",
    "pincode": "679102"
  },
  {
    "area": "Vellinezhi",
    "town": "Ottapalam",
    "district": "Palakkad",
    "pincode": "679504"
  },
  {
    "area": "Vengasseri",
    "town": "Ottapalam",
    "district": "Palakkad",
    "pincode": "679516"
  },
  {
    "area": "Vettakara",
    "town": "Ottapalam",
    "district": "Palakkad",
    "pincode": "678633"
  },
  {
    "area": "Vilathur",
    "town": "Ottapalam",
    "district": "Palakkad",
    "pincode": "679304"
  },
  {
    "area": "Vilayur",
    "town": "Ottapalam",
    "district": "Palakkad",
    "pincode": "679309"
  },
  {
    "area": "Vilayur West",
    "town": "Ottapalam",
    "district": "Palakkad",
    "pincode": "679309"
  },
  {
    "area": "Viyyakurissi",
    "town": "Mannarkkad",
    "district": "Palakkad",
    "pincode": "678593"
  }
]
